Workbook
Name AgendaData: Agenda!$D$1:$F$1
Name AgendaData_1: Agenda!$A$1:$C$2
Name BasePath: _config!$A$1
Name HeaderData: header!$F$1:$J$2
Name HeaderData_1: header!$A$1:$E$2
Name MinutesData: minutes!$G$1:$L$22
Name MinutesData_1: minutes!$A$1:$F$2
Name ParticipantsData: participants!$E$1:$H$1
Name ParticipantsData_1: participants!$A$1:$D$2

Sheet 議事録
A1: 会議議事録
A3: 会議名 | B3: =IFERROR(INDEX(header!F:F,2),"") -> 0
A4: 日時 | B4: =IFERROR(TEXT(INDEX(header!G:G,2),"yyyy/m/d")&" "&TEXT(INDEX(header!H:H,2),"hh:mm")&"～"&TEXT(INDEX(header!I:I,2),"hh:mm"),"") -> 1900/1/0 00:00～00:00 | D4: 場所 | E4: =IFERROR(INDEX(header!J:J,2),"") -> 0
A5: 参加者 | B5: =IFERROR(_xlfn.TEXTJOIN("、",TRUE,participants!G2:G96),"")
A7: 議題・討議内容
A8: No. | B8: 議題 | C8: 内容・要点 | E8: 決定事項
A9: 1 | B9: =IFERROR(INDEX(Agenda!D:D,2),"") -> 0 | C9: =IFERROR(INDEX(Agenda!E:E,2),"") -> 0 | E9: =IFERROR(INDEX(Agenda!F:F,2),"") -> 0
A10: 2 | B10: =IFERROR(INDEX(Agenda!D:D,3),"") -> 0 | C10: =IFERROR(INDEX(Agenda!E:E,3),"") -> 0 | E10: =IFERROR(INDEX(Agenda!F:F,3),"") -> 0
A11: 3 | B11: =IFERROR(INDEX(Agenda!D:D,4),"") -> 0 | C11: =IFERROR(INDEX(Agenda!E:E,4),"") -> 0 | E11: =IFERROR(INDEX(Agenda!F:F,4),"") -> 0
A12: 4 | B12: =IFERROR(INDEX(Agenda!D:D,5),"") -> 0 | C12: =IFERROR(INDEX(Agenda!E:E,5),"") -> 0 | E12: =IFERROR(INDEX(Agenda!F:F,5),"") -> 0
A13: 5 | B13: =IFERROR(INDEX(Agenda!D:D,6),"") -> 0 | C13: =IFERROR(INDEX(Agenda!E:E,6),"") -> 0 | E13: =IFERROR(INDEX(Agenda!F:F,6),"") -> 0
A15: アクション項目
A16: No. | B16: 対応事項 | D16: 担当 | E16: 期限 | F16: 状況
A17: 1 | B17: =IFERROR(INDEX(Agenda!F:F,5),"") -> 0
A18: 2 | B18: =IFERROR(INDEX(Agenda!F:F,6),"") -> 0
A19: 3 | B19: =IFERROR(INDEX(Agenda!F:F,7),"") -> 0
A20: 4 | B20: =IFERROR(INDEX(Agenda!F:F,8),"") -> 0
A21: 5 | B21: =IFERROR(INDEX(Agenda!F:F,9),"") -> 0
A22: 次回会議

Sheet _config
A1: =LEFT(CELL("filename",A1),FIND("[",CELL("filename",A1))-1) -> C:\BPBOX\Dropbox\git\agent-guidelines-main\meeting-minutes\template\

Sheet 発言記録
A1: 発言記録
A3: No. | B3: 発言者 | C3: 発言内容
A4: 1 | B4: =IFERROR(INDEX(minutes!K:K,2),"") -> 0 | C4: =IFERROR(INDEX(minutes!L:L,2),"") -> 0
A5: 2 | B5: =IFERROR(INDEX(minutes!K:K,3),"") -> 0 | C5: =IFERROR(INDEX(minutes!L:L,3),"") -> 0
A6: 3 | B6: =IFERROR(INDEX(minutes!K:K,4),"") -> 0 | C6: =IFERROR(INDEX(minutes!L:L,4),"") -> 0
A7: 4 | B7: =IFERROR(INDEX(minutes!K:K,5),"") -> 0 | C7: =IFERROR(INDEX(minutes!L:L,5),"") -> 0
A8: 5 | B8: =IFERROR(INDEX(minutes!K:K,6),"") -> 0 | C8: =IFERROR(INDEX(minutes!L:L,6),"") -> 0
A9: 6 | B9: =IFERROR(INDEX(minutes!K:K,7),"") -> 0 | C9: =IFERROR(INDEX(minutes!L:L,7),"") -> 0
A10: 7 | B10: =IFERROR(INDEX(minutes!K:K,8),"") -> 0 | C10: =IFERROR(INDEX(minutes!L:L,8),"") -> 0
A11: 8 | B11: =IFERROR(INDEX(minutes!K:K,9),"") -> 0 | C11: =IFERROR(INDEX(minutes!L:L,9),"") -> 0
A12: 9 | B12: =IFERROR(INDEX(minutes!K:K,10),"") -> 0 | C12: =IFERROR(INDEX(minutes!L:L,10),"") -> 0
A13: 10 | B13: =IFERROR(INDEX(minutes!K:K,11),"") -> 0 | C13: =IFERROR(INDEX(minutes!L:L,11),"") -> 0
A14: 11 | B14: =IFERROR(INDEX(minutes!K:K,12),"") -> 0 | C14: =IFERROR(INDEX(minutes!L:L,12),"") -> 0
A15: 12 | B15: =IFERROR(INDEX(minutes!K:K,13),"") -> 0 | C15: =IFERROR(INDEX(minutes!L:L,13),"") -> 0
A16: 13 | B16: =IFERROR(INDEX(minutes!K:K,14),"") -> 0 | C16: =IFERROR(INDEX(minutes!L:L,14),"") -> 0
A17: 14 | B17: =IFERROR(INDEX(minutes!K:K,15),"") -> 0 | C17: =IFERROR(INDEX(minutes!L:L,15),"") -> 0
A18: 15 | B18: =IFERROR(INDEX(minutes!K:K,16),"") -> 0 | C18: =IFERROR(INDEX(minutes!L:L,16),"") -> 0
A19: 16 | B19: =IFERROR(INDEX(minutes!K:K,17),"") -> 0 | C19: =IFERROR(INDEX(minutes!L:L,17),"") -> 0
A20: 17 | B20: =IFERROR(INDEX(minutes!K:K,18),"") -> 0 | C20: =IFERROR(INDEX(minutes!L:L,18),"") -> 0
A21: 18 | B21: =IFERROR(INDEX(minutes!K:K,19),"") -> 0 | C21: =IFERROR(INDEX(minutes!L:L,19),"") -> 0
A22: 19 | B22: =IFERROR(INDEX(minutes!K:K,20),"") -> 0 | C22: =IFERROR(INDEX(minutes!L:L,20),"") -> 0
A23: 20 | B23: =IFERROR(INDEX(minutes!K:K,21),"") -> 0 | C23: =IFERROR(INDEX(minutes!L:L,21),"") -> 0
A24: 21 | B24: =IFERROR(INDEX(minutes!K:K,22),"") -> 0 | C24: =IFERROR(INDEX(minutes!L:L,22),"") -> 0

Sheet header
A1: 会議名 | B1: 開催日 | C1: 開始時刻 | D1: 終了時刻 | E1: 場所 | F1: 会議名 | G1: 開催日 | H1: 開始時刻 | I1: 終了時刻 | J1: 場所

Sheet minutes
A1: LineID | B1: 開始時刻 | C1: 終了時刻 | D1: 話者ID | E1: 発言者 | F1: 議事内容 | G1: LineID | H1: 開始時刻 | I1: 終了時刻 | J1: 話者ID | K1: 発言者 | L1: 議事内容

Sheet participants
A1: 話者ID | B1: 社員ID | C1: 社員名 | D1: EMAIL | E1: 話者ID | F1: 社員ID | G1: 社員名 | H1: EMAIL

Sheet Agenda
A1: 議題 | B1: 内容 | C1: 決定事項 | D1: 議題 | E1: 内容 | F1: 決定事項
